{"_id":"5f4bb765c362406281c2eda2","name":"STAFF_ABSENT","recipe":"chrome-pdf","shortid":"r1x_msnThS","folder":{"shortid":"vDbgV2s"},"engine":"handlebars","chrome":{"printBackground":true,"format":"A4","mediaType":"screen"},"creationDate":"2020-08-30T14:27:49.439Z","modificationDate":"2020-08-30T14:27:49.439Z","content":"<html>\n    <head>\n        <style>\n            {#asset bootstrap.min.css @encoding=utf8}\n\n            .header{\n                background : #727cf5;\n                color: #FFF;\n            }\n        </style>\n    </head>\n\n    <body>\n        <div class=\"container-fluid\">\n            <div class=\"row\">\n                \n                {{!-- START : HEADER --}}\n                <div class=\"col-12 header pt-3 pb-2\">\n                    <div class=\"row\">\n                        \n                        <div class=\"col text-center\">\n                            <h5>WP / NG DAVID DE SILVA COLLEGE</h5>\n                            <h6>Minuwangoda - Negombo</h6>\n                            Tel : 011 22 53 650 &nbsp; Email : wpngdavidsilvacollege@gmail.com\n                        </div>\n\n                    </div>\n                </div>\n                {{!-- END : HEADER --}}\n\n                 {{!-- START : TITLE --}}\n                <div class=\"col-12 pt-3 pb-2\">\n                    <div class=\"row\">\n\n                        <div class=\"col-12 text-center\"><b>TODAY ABSENT STAFF REPORT</b></div>\n                        \n                       <div class=\"col\">\n                            DATE : {{ staff.absent.date }}<br/>\n                            TOTAL : {{ staff.absent.count }}<br/>\n                        </div>\n\n                        <div class=\"col text-right ml-auto\">\n                            Generated On : {{ staff.absent.generated_on }} <br/>\n                            Generated By : {{ staff.absent.generated_by }} .................................<br/>\n                        </div>\n\n                    </div>\n                </div>\n                {{!-- END : TITLE --}}\n\n                {{!-- START : BODY --}}\n                <div class=\"col-12 mt-3\">\n\n                    <table class=\"table\">\n\n                        <thead class=\"thead-dark\">\n                            <tr>\n                                <th class=\"text-center\" scope=\"col\" width=\"10%\">ID</th>\n                                <th class=\"text-center\" scope=\"col\" width=\"20%\">CATEGORY</th>\n                                <th class=\"text-center\" scope=\"col\" width=\"30%\">TYPE</th>\n                                <th scope=\"col\">NAME</th>\n                                <th class=\"text-center\" scope=\"col\" width=\"10%\">CLASS</th>\n                            </tr>\n                        </thead>\n\n                        <tbody>\n                            {{#each staff}}\n                            <tr>\n                                <td class=\"text-center\" scope=\"row\">{{ employee_number }}</td>\n                                <td class=\"text-center\" scope=\"row\">{{ category }}</td>\n                                <td class=\"text-center\" scope=\"row\">{{ type }}</td>\n                                <td>{{ title }} {{ name }}</td>\n                                <td class=\"text-center\">{{ class }}</td>\n                                \n                            </tr>\n                            {{/each}}\n                        </tbody>\n\n                    </table>\n\n                </div>\n                {{!-- END : BODY --}}              \n\n            </div>\n        </div>\n    </body>\n</html>","tenantId":"lakmalsamarakkody","inheritedReadPermissions":[],"inheritedEditPermissions":[]}