{"_id":"5f4bb765c362406540c2ed99","folder":{"shortid":"ga5A9IA"},"shortid":"S1xwMRZh3S","name":"STAFF_ATTENDANCE","recipe":"chrome-pdf","engine":"handlebars","chrome":{"printBackground":true,"landscape":true,"format":"A3","mediaType":"screen"},"creationDate":"2020-08-30T14:27:49.102Z","modificationDate":"2020-08-30T14:27:49.102Z","content":"<html>\n    <head>\n    \n        <style>\n            {#asset bootstrap.min.css @encoding=utf8}\n\n            .header{\n                background : #727cf5;\n                color: #FFF;\n            }\n        </style>\n    </head>\n\n    <body>\n        <div class=\"container-fluid\">\n            <div class=\"row\">\n                \n                {{!-- START : HEADER --}}\n                <div class=\"col-12 header pt-3 pb-2\">\n                    <div class=\"row\">\n                        \n                        <div class=\"col text-center\">\n                            <h5>WP / NG DAVID DE SILVA COLLEGE</h5>\n                            <h6>Minuwangoda - Negombo</h6>\n                            Tel : 011 22 53 650 &nbsp; Email : wpngdavidsilvacollege@gmail.com\n                        </div>\n\n                    </div>\n                </div>\n                {{!-- END : HEADER --}}\n\n                 {{!-- START : TITLE --}}\n                <div class=\"col-12 pt-3 pb-2\">\n                    <div class=\"row\">\n\n                        <div class=\"col-12 text-center\"><b>STAFF ATTENDANCE REPORT</b></div>\n                        \n                       <div class=\"col\">\n                            Month : {{ staff_attendance.month }} <br/>\n                        </div>\n\n                        <div class=\"col text-right ml-auto\">\n                            Generated On : {{ staff_attendance.generated_on }} <br/>\n                            Generated By : {{ staff_attendance.generated_by }} .................................<br/>\n                        </div>\n\n                    </div>\n                </div>\n                {{!-- END : TITLE --}}\n\n                {{!-- START : BODY --}}\n                <div class=\"col-12 mt-3\">\n\n                    <table class=\"table table-bordered\">\n\n                        <thead class=\"thead-dark\">\n                            <tr>\n                                <th class=\"text-center align-middle\" width=\"7%\" rowspan=\"2\" scope=\"col\">ID</th>\n                                <th class=\" align-middle\" width=\"15%\" rowspan=\"2\" scope=\"col\">NAME</th>\n                                <th class=\"text-center\" colspan=\"{{ day_count }}\" scope=\"col\">DATE</th>\n                            </tr>\n                            <tr>\n                                {{#each days_in_month}}\n                                <th class=\"text-center\" scope=\"col\">{{this}}</th>\n                                {{/each}}\n                            </tr>\n                        </thead>\n\n                        <tbody>\n                            {{#each staff}}\n                            <tr>\n                                <td class=\"text-center\" scope=\"row\">{{ employee_number }}</td>\n                                <td>{{ name }}</td>\n                                {{#each attendance}}\n                                <td class=\"text-center\">\n                                    {{#if this}}\n                                    1\n                                    {{else}}\n                                    0\n                                    {{/if}}\n                                </td>\n                                {{/each}}\n                            </tr>\n                            {{/each}}\n                        </tbody>\n\n                    </table>\n                </div>\n                {{!-- END : BODY --}}\n\n            </div>\n        </div>\n    </body>\n</html>","tenantId":"lakmalsamarakkody","inheritedReadPermissions":[],"inheritedEditPermissions":[]}