{"shortid":"Sy5S19ncg","name":"invoice-data","dataJson":"{\r\n    \"number\": \"123\",\r\n    \"seller\": {\r\n        \"name\": \"Next Step Webs, Inc.\",\r\n        \"road\": \"12345 Sunny Road\",\r\n        \"country\": \"Sunnyville, TX 12345\"\r\n    },\r\n    \"buyer\": {\r\n        \"name\": \"Acme Corp.\",\r\n        \"road\": \"16 Johnson Road\",\r\n        \"country\": \"Paris, France 8060\"\r\n    },\r\n    \"items\": [{\r\n        \"name\": \"Website design\",\r\n        \"price\": 300\r\n    }]\r\n}","folder":{"shortid":"G3i2B3"},"creationDate":"2019-11-26T18:05:38.376Z","modificationDate":"2019-11-26T18:05:38.376Z","_id":"hkQh1NSAbxn1Wsle"}