{"folder":{"shortid":"FnHe~Wz"},"shortid":"B1lSTrt6NB","name":"sales-data","dataJson":"{\n    \"customer\": \"Walker Group\",\n    \"month\": \"April\",\n    \"taxPercentage\": 0.20,\n    \"detail\": [{\n        \"date\": \"2019-04-03\",\n        \"product\": \"Vitamin C\",\n        \"category\": \"Health\",\n        \"unitPrice\": 25,\n        \"quantity\": 1,\n        \"discountPercentage\": 0 \n    }, {\n        \"date\": \"2019-04-03\",\n        \"product\": \"Probiotics\",\n        \"category\": \"Health\",\n        \"unitPrice\": 83,\n        \"quantity\": 1,\n        \"discountPercentage\": 0.25\n    }, {\n        \"date\": \"2019-04-04\",\n        \"product\": \"Mild Bubble Cleanser\",\n        \"category\": \"Cleansing\",\n        \"unitPrice\": 13,\n        \"quantity\": 2,\n        \"discountPercentage\": 0\n    }, {\n        \"date\": \"2019-04-04\",\n        \"product\": \"Deep Cleanser\",\n        \"category\": \"Cleansing\",\n        \"unitPrice\": 12,\n        \"quantity\": 3,\n        \"discountPercentage\": 0\n    }, {\n        \"date\": \"2019-04-04\",\n        \"product\": \"Atomy Men Set\",\n        \"category\": \"Men Skin Care\",\n        \"unitPrice\": 54,\n        \"quantity\": 1,\n        \"discountPercentage\": 0.35\n    }, {\n        \"date\": \"2019-04-09\",\n        \"product\": \"BB Cream\",\n        \"category\": \"Make-Up\",\n        \"unitPrice\": 12,\n        \"quantity\": 3,\n        \"discountPercentage\": 0\n    }, {\n        \"date\": \"2019-04-15\",\n        \"product\": \"Lipstick Poppy\",\n        \"category\": \"Make-Up\",\n        \"unitPrice\": 22,\n        \"quantity\": 1,\n        \"discountPercentage\": 0\n    }, {\n        \"date\": \"2019-04-15\",\n        \"product\": \"Healthy Glow Base\",\n        \"category\": \"Make-Up\",\n        \"unitPrice\": 18,\n        \"quantity\": 2,\n        \"discountPercentage\": 0.12\n    }, {\n        \"date\": \"2019-04-26\",\n        \"product\": \"Lotion\",\n        \"category\": \"Skin Care\",\n        \"unitPrice\": 23,\n        \"quantity\": 1,\n        \"discountPercentage\": 0\n    }]\n}","creationDate":"2019-11-26T18:05:38.386Z","modificationDate":"2019-11-26T18:05:38.386Z","_id":"3r5oTK6DSJYocfu1"}