{"folder":{"shortid":"ga5A9IA"},"shortid":"HJgKpKJonS","name":"CLASS_ATTENDANCE","recipe":"chrome-pdf","engine":"handlebars","chrome":{"printBackground":true,"mediaType":"screen","landscape":true,"format":"A3"},"content":"<html>\n    <head>\n        <style>\n            {#asset bootstrap.min.css @encoding=utf8}\n\n            .header{\n                background : #727cf5;\n                color: #FFF;\n            }\n        </style>\n    </head>\n\n    <body>\n        <div class=\"container-fluid\">\n            <div class=\"row\">\n                \n                {{!-- START : HEADER --}}\n                <div class=\"col-12 header pt-3 pb-2\">\n                    <div class=\"row\">\n                        \n                        <div class=\"col text-center\">\n                            <h5>WP / NG DAVID DE SILVA COLLEGE</h5>\n                            <h6>Minuwangoda - Negombo</h6>\n                            Tel : 011 22 53 650 &nbsp; Email : wpngdavidsilvacollege@gmail.com\n                        </div>\n\n                    </div>\n                </div>\n                {{!-- END : HEADER --}}\n\n                 {{!-- START : TITLE --}}\n                <div class=\"col-12 pt-3 pb-2\">\n                    <div class=\"row\">\n\n                        <div class=\"col-12 text-center\"><b>CLASS ATTENADANCE REPORT</b></div>\n                        \n                       <div class=\"col\">\n                            Class : {{ class_attendance.class.name }}<br/>\n                            Month : {{ class_attendance.month }} <br/>\n\n                        </div>\n\n                        <div class=\"col text-right ml-auto\">\n                            Generated On : {{ class_attendance.generated_on }} <br/>\n                            Generated By : {{ class_attendance.generated_by }} <br/>\n                        </div>\n\n                    </div>\n                </div>\n                {{!-- END : TITLE --}}\n\n                {{!-- START : BODY --}}\n                <div class=\"col-12 mt-3\">\n\n                    <table class=\"table table-bordered\">\n\n                        <thead class=\"thead-dark\">\n                            <tr>\n                                <th class=\"text-center align-middle\" width=\"7%\" rowspan=\"2\" scope=\"col\">ID</th>\n                                <th class=\" align-middle\" width=\"15%\" rowspan=\"2\" scope=\"col\">NAME</th>\n                                <th class=\"text-center\" colspan=\"{{ day_count }}\" scope=\"col\">DATE</th>\n                            </tr>\n                            <tr>\n                                {{#each days_in_month}}\n                                <th class=\"text-center\" scope=\"col\">{{this}}</th>\n                                {{/each}}\n                            </tr>\n                        </thead>\n\n                        <tbody>\n                            {{#each student}}\n                            <tr>\n                                <td class=\"text-center\" scope=\"row\">{{ index }}</td>\n                                <td>{{ name }}</td>\n                                {{#each attendance}}\n                                <td class=\"text-center\">\n                                    {{#if this}}\n                                    1\n                                    {{else}}\n                                    0\n                                    {{/if}}\n                                </td>\n                                {{/each}}\n                            </tr>\n                            {{/each}}\n                        </tbody>\n\n                    </table>\n                </div>\n                {{!-- END : BODY --}}              \n\n            </div>\n        </div>\n    </body>\n</html>","creationDate":"2019-11-26T18:21:19.434Z","modificationDate":"2019-11-27T18:24:03.547Z","_id":"fxoK7Lo8wJg7TpqQ"}