{"folder":{"shortid":"ga5A9IA"},"shortid":"HJgKpKJonS","name":"CLASS_ATTENDANCE","recipe":"chrome-pdf","engine":"handlebars","chrome":{"printBackground":true,"mediaType":"screen","landscape":true},"content":"<html>\n    <head>\n        <link rel=\"stylesheet\" href=\"https://stackpath.bootstrapcdn.com/bootstrap/4.4.0/css/bootstrap.min.css\" />\n    \n        <style>\n            .header{\n                background : #727cf5;\n                color: #FFF;\n            }\n        </style>\n    </head>\n\n    <body>\n        <div class=\"container-fluid\">\n            <div class=\"row\">\n                \n                {{!-- START : HEADER --}}\n                <div class=\"col-12 header pt-3 pb-2\">\n                    <div class=\"row\">\n                        \n                        <div class=\"col text-center\">\n                            <h5>WP / NG DAVID SILVA COLLEGE</h5>\n                            <h6>Minuwangoda - Negombo</h6>\n                            Tel : 011 22 53 650 &nbsp; Email : wpngdavidsilvacollege@gmail.com\n                        </div>\n\n                    </div>\n                </div>\n                {{!-- END : HEADER --}}\n\n                 {{!-- START : TITLE --}}\n                <div class=\"col-12 pt-3 pb-2\">\n                    <div class=\"row\">\n\n                        <div class=\"col-12 text-center\"><b>ATTENADANCE REPORT</b></div>\n                        \n                       <div class=\"col\">\n                            Class : {{ class_attendance.class.name }}<br/>\n                            Month : {{ class_attendance.month }} <br/>\n\n                        </div>\n\n                        <div class=\"col text-right ml-auto\">\n                            Generated On : {{ class_attendance.generated_on }} <br/>\n                            Generated By :\n                        </div>\n\n                    </div>\n                </div>\n                {{!-- END : TITLE --}}\n\n                <div class=\"col-12 mt-3\">\n                    <table class=\"table table-hover table-bordered table-responsive-md\">\n\n                        <thead class=\"thead-dark\">\n                            <tr>\n                                <th class=\"text-center align-middle\" width=\"7%\" rowspan=\"2\" scope=\"col\">Index No</th>\n                                <th class=\"text-left align-middle\" width=\"15%\" rowspan=\"2\" scope=\"col\">Name</th>\n                                <th class=\"text-center\" colspan=\"{{ days_in_month|length }}\" scope=\"col\">Date</th>\n                            </tr>\n                            <tr>\n                                {{ #each day in days_in_month }}\n                                <th class=\"text-center\" scope=\"col\">{{ day }}</th>\n                                {{ /each }}\n                            </tr>\n                        </thead>\n\n                        <tbody>\n                            \n                            <tr>\n                                <th class=\"text-center\" scope=\"row\">{{ student.attendance.index }}</th>\n                                <td class=\"text-left\">{{ student.attendance.initials }} {{ student.attendance.surname }}</td>\n                                {{ #each day in days_in_month }}\n                                    <td class=\"text-center\">\n                                        {{ #if student.attendance.status[day] }} \n                                            <i style=\"color: green;\" class=\"la la-check\"></i>\n                                        {{ #elseif }}\n                                            <i style=\"font-size: 10px; color: red;\" class=\"la la-circle\"></i>\n                                        {{ /if }}\n                                    </td>\n                                {{ /each }}\n                            </tr>\n                               \n                        </tbody>\n\n                    </table>\n                </div>\n\n                {{!-- <div class=\"col-12\">\n                    {{#each students}}\n                        <h2>{{name}}</h2>\n                        <h2>{{age}}</h2>\n                    {{/each}}\n                </div> --}}\n\n                \n\n            </div>\n        </div>\n    </body>\n</html>","creationDate":"2019-11-26T18:21:19.434Z","modificationDate":"2019-11-27T09:53:09.089Z","_id":"fxoK7Lo8wJg7TpqQ"}