{"name":"CLASS_STUDENT","recipe":"chrome-pdf","engine":"handlebars","chrome":{"printBackground":true,"mediaType":"screen","landscape":true,"format":"A3"},"creationDate":"2019-12-01T18:41:08.071Z","modificationDate":"2019-12-01T19:41:07.298Z","content":"<html>\n    <head>\n        <style>\n            {#asset bootstrap.min.css @encoding=utf8}\n\n            .header{\n                background : #727cf5;\n                color: #FFF;\n            }\n        </style>\n    </head>\n\n    <body>\n        <div class=\"container-fluid\">\n            <div class=\"row\">\n                \n                {{!-- START : HEADER --}}\n                <div class=\"col-12 header pt-3 pb-2\">\n                    <div class=\"row\">\n                        \n                        <div class=\"col text-center\">\n                            <h5>WP / NG DAVID DE SILVA COLLEGE</h5>\n                            <h6>Minuwangoda - Negombo</h6>\n                            Tel : 011 22 53 650 &nbsp; Email : wpngdavidsilvacollege@gmail.com\n                        </div>\n\n                    </div>\n                </div>\n                {{!-- END : HEADER --}}\n\n                 {{!-- START : TITLE --}}\n                <div class=\"col-12 pt-3 pb-2\">\n                    <div class=\"row\">\n\n                        <div class=\"col-12 text-center\"><b>CLASS STUDENT PROFILE REPORT</b></div>\n                        \n                       <div class=\"col\">\n                            Class : {{ report.class.name }}<br/>\n                        </div>\n\n                        <div class=\"col text-right ml-auto\">\n                            Generated On : {{ report.generated_on }} <br/>\n                            Generated By : {{ report.generated_by }} .................................<br/>\n                        </div>\n\n                    </div>\n                </div>\n                {{!-- END : TITLE --}}\n\n                {{!-- START : BODY --}}\n                <div class=\"col-12 mt-3\">\n\n                    <table class=\"table table-bordered\">\n\n                        <thead class=\"thead-dark\">\n                            <tr>\n                                <th class=\"text-center\" width=\"1%\" scope=\"col\">ADMISSION</th>\n                                <th class=\"text-center\" width=\"1%\" scope=\"col\">INDEX</th>\n                                <th class=\"text-center\" scope=\"col\">NAME</th>\n                                <th class=\"text-center\" scope=\"col\">Date of Birth</th>\n                                <th class=\"text-center\" scope=\"col\">Gender</th>\n                                <th class=\"text-center\" scope=\"col\">Religion</th>\n                                <th class=\"text-center\" scope=\"col\">Email</th>\n                                <th class=\"text-center\" scope=\"col\">Mobile Phone</th>\n                                <th class=\"text-center\" scope=\"col\">Address</th>\n                                <th class=\"text-center\" scope=\"col\">City</th>\n                                <th class=\"text-center\" scope=\"col\">District</th>\n                            </tr>\n                        </thead>\n\n                        <tbody>\n                            {{#each student}}\n                            <tr>\n                                <td class=\"text-center\" scope=\"row\">{{ admission }}</td>\n                                <td class=\"text-center\" scope=\"row\">{{ index }}</td>\n                                <td class=\"text-center\" scope=\"row\">{{ name }}</td>\n                                <td class=\"text-center\" scope=\"row\">{{ dob }}</td>\n                                <td class=\"text-center\" scope=\"row\">{{ gender }}</td>\n                                <td class=\"text-center\" scope=\"row\">{{ relname }}</td>\n                                <td class=\"text-center\" scope=\"row\">{{ email }}</td>\n                                <td class=\"text-center\" scope=\"row\">{{ mobile }}</td>\n                                <td class=\"text-center\" scope=\"row\">{{ address }}</td>\n                                <td class=\"text-center\" scope=\"row\">{{ city }}</td>\n                                <td class=\"text-center\" scope=\"row\">{{ distname }}</td>\n                            </tr>\n                            {{/each}}\n                        </tbody>\n\n                    </table>\n\n                </div>\n                {{!-- END : BODY --}}              \n\n            </div>\n        </div>\n    </body>\n</html>","folder":{"shortid":"Z3VhzDC"},"_id":"V73nJo93TuICgdid","shortid":"4Cf~CqH"}