{"name":"CLASS_HEALTH","recipe":"chrome-pdf","engine":"handlebars","chrome":{"printBackground":true,"mediaType":"screen","landscape":true,"format":"A4"},"content":"<html>\n    <head>\n        <style>\n            {#asset bootstrap.min.css @encoding=utf8}\n\n            .header{\n                background : #727cf5;\n                color: #FFF;\n            }\n        </style>\n    </head>\n\n    <body>\n        <div class=\"container-fluid\">\n            <div class=\"row\">\n                \n                {{!-- START : HEADER --}}\n                <div class=\"col-12 header pt-3 pb-2\">\n                    <div class=\"row\">\n                        \n                        <div class=\"col text-center\">\n                            <h5>WP / NG DAVID DE SILVA COLLEGE</h5>\n                            <h6>Minuwangoda - Negombo</h6>\n                            Tel : 011 22 53 650 &nbsp; Email : wpngdavidsilvacollege@gmail.com\n                        </div>\n\n                    </div>\n                </div>\n                {{!-- END : HEADER --}}\n\n                 {{!-- START : TITLE --}}\n                <div class=\"col-12 pt-3 pb-2\">\n                    <div class=\"row\">\n\n                        <div class=\"col-12 text-center\"><b>CLASS HEALTH REPORT</b></div>\n                        \n                       <div class=\"col\">\n                            Class : {{ health.class.name }}<br/>\n                        </div>\n\n                        <div class=\"col text-right ml-auto\">\n                            Generated On : {{ health.generated_on }} <br/>\n                            Generated By : {{ health.generated_by }} .................................<br/>\n                        </div>\n\n                    </div>\n                </div>\n                {{!-- END : TITLE --}}\n\n                {{!-- START : BODY --}}\n                <div class=\"col-12 mt-3\">\n\n                    <table class=\"table table-bordered\">\n\n                        <thead class=\"thead-dark\">\n                            <tr>\n                                <th class=\"text-center\" width=\"1%\" scope=\"col\">ID</th>\n                                <th class=\"text-center\" scope=\"col\">NAME</th>\n                                <th class=\"text-center\" scope=\"col\">BLOOD TYPE</th>\n                                <th class=\"text-center\" scope=\"col\">HR</th>\n                                <th class=\"text-center\" scope=\"col\">BP</th>\n                                <th class=\"text-center\" scope=\"col\">HEIGHT</th>\n                                <th class=\"text-center\" scope=\"col\">WEIGHT</th>\n                                <th class=\"text-center\" scope=\"col\">BMI <sup>*</sup></th>\n                                <th class=\"text-center\" scope=\"col\">VACCINATION</th>\n                                <th class=\"text-center\" scope=\"col\">SPECIALITIES</th>\n                                <th class=\"text-center\" scope=\"col\">SURGERIES</th>\n                            </tr>\n                        </thead>\n\n                        <tbody>\n                            {{#each health.student}}\n                            <tr>\n                                <td class=\"text-center\" scope=\"row\">{{ index }}</td>\n                                <td class=\"text-center\" scope=\"row\">{{ name }}</td>\n                                <td class=\"text-center\" scope=\"row\">{{ blood_group }}</td>\n                                <td class=\"text-center\" scope=\"row\">{{ hr }}</td>\n                                <td class=\"text-center\" scope=\"row\">{{ bp }}</td>\n                                <td class=\"text-center\" scope=\"row\">{{ height }}</td>\n                                <td class=\"text-center\" scope=\"row\">{{ weight }}</td>\n                                <td class=\"text-center\" scope=\"row\">{{ bmi }}</td>\n                                <td class=\"text-center\" scope=\"row\">{{ vaccination }}</td>\n                                <td class=\"text-center\" scope=\"row\">{{ specialities }}</td>\n                                <td class=\"text-center\" scope=\"row\">{{ surgeries }}</td>\n                            </tr>\n                            {{/each}}\n                        </tbody>\n\n                    </table>\n                    * Reference\n                    <table class=\"table\">\n                        <tr>\n                            <td>BMI</td>\n                            <td>Category</td>\n                            <td>Action</td>\n                        </tr>\n\n                        <tr>\n                            <td>Below 18.5</td>\n                            <td>Underweight</td>\n                            <td>A BMI of less than 18.5 indicates that you are underweight, so you may need to put on some weight. You are recommended to ask your doctor or a dietitian for advice.</td>\n                        </tr>\n                        <tr>\n                            <td>18.5 to 24.9</td>\n                            <td>Healthy</td>\n                            <td>A BMI of 18.5 to 24.9 indicates that you are at a healthy weight for your height. By maintaining a healthy weight, you lower your risk of developing serious health problems.</td>\n                        </tr>\n                        <tr>\n                            <td>25.0 to 29.9</td>\n                            <td>Overweight</td>\n                            <td>A BMI of 25 to 29.9 indicates that you are slightly overweight. You may be advised to lose some weight for health reasons. You are recommended to talk to your doctor or a dietitian for advice.</td>\n                        </tr>\n                        <tr>\n                            <td>30.0 and above</td>\n                            <td>Obese</td>\n                            <td>A BMI of over 30 indicates that you are heavily overweight. Your health may be at risk if you do not lose weight. You are recommended to talk to your doctor or a dietitian for advice.</td>\n                        </tr>\n                    </table>\n\n                </div>\n                {{!-- END : BODY --}}              \n\n            </div>\n        </div>\n    </body>\n</html>","creationDate":"2019-11-28T08:29:06.422Z","modificationDate":"2019-11-28T21:21:18.665Z","folder":{"shortid":"PNEHDTB"},"_id":"Dp23thOBxNlIcAAt","shortid":"bHmd4Ml"}