{"folder":{"shortid":"AWuVPTZ"},"shortid":"ByxuNPi_ZI","name":"Lakmal CV","recipe":"chrome-pdf","engine":"handlebars","chrome":{"printBackground":true,"format":"A4","width":"21","height":"29.7","mediaType":"screen","marginTop":"0.5cm","marginBottom":"0.5"},"creationDate":"2020-01-24T17:20:07.032Z","modificationDate":"2020-01-25T20:59:53.763Z","_id":"TijQB5ac5RXhP1al","content":"<html>\n    <head>\n        <style>\n            {#asset bootstrap.css @encoding=utf8}\n            {#asset line-awesome.min.css @encoding=utf8}\n\n            .la {\n                font-family: 'FontAwesome2' !important; \n            }\n\n            @font-face {\n            font-family: 'FontAwesome2';\n            src: url({#asset line-awesome.woff2 @encoding=dataURI});\n            format('woff');\n            }\n\n            @font-face {\n                font-family: 'Ubuntu';\n                font-style: normal;\n                font-weight: 400;\n                font-display: swap;\n                src: local('Ubuntu Regular'), local('Ubuntu-Regular'), url({#asset ubuntu.woff2 @encoding=dataURI}) format('woff2');\n                unicode-range: U+0000-00FF, U+0131, U+0152-0153, U+02BB-02BC, U+02C6, U+02DA, U+02DC, U+2000-206F, U+2074, U+20AC, U+2122, U+2191, U+2193, U+2212, U+2215, U+FEFF, U+FFFD;\n            }\n\n            body{\n                font-size: 12px;\n                font-family: 'Ubuntu';\n                font-weight: 400;\n                color: #2b343f;\n            }\n\n            table {\n                font-size: 12px;\n            }\n\n            .theme-text-color{\n                color: #f04e41;\n            }\n\n            .header{\n                background : #FFF;\n            }\n\n            .header .img-thumbnail{\n                border : 1px solid #f04e41;\n            }\n\n            .header .la{\n                color : #f04e41;\n            }\n\n            .header-devider{\n                border: 0.04rem solid;\n            }\n\n            .details .title{\n                font-size : 16px;\n            }\n\n            .details .sub-title{\n                font-size : 14px;\n            }\n\n            .left-side .swskills .la , .left-side .languages .la , .left-side .programminglanguages .la {\n                color : #f04e41;\n            }\n        </style>\n    </head>\n\n    <body>\n        <div class=\"container-fluid\">\n            <div class=\"row\">\n\n                {{!-- START : HEADER --}}\n                <div class=\"mx-2\">\n                    <div class=\"col-12 header\">\n                        <div class=\"row\">\n                            \n                            <div class=\"col-4\">\n                                <h5>S A L Samarakkody</h5>\n                                <h6 class=\"theme-text-color\">Undergraduate</h6>\n                                A highly hardworking, dedicated final year year student with proven self-learning skills seeking to apply abilities in a working environment.\n                            </div>\n\n                            <div class=\"col-4 text-center\">\n                                <img class=\"img-fluid rounded-circle img-thumbnail\" width=\"160px\" height=\"160px\" src=\"{#asset propic.jpg @encoding=dataURI}\">\n                            </div>\n\n                            <div class=\"col-4 text-right\">\n                                <div class=\"row\">\n                                    <div>                                        \n                                        lakmalsamarakkody@gmail.com <i class=\"la la-envelope\"></i> <br/>\n                                        +94 77 49 24 351 <i class=\"la la-mobile\"></i> <br/>\n                                        144/5A, 3rd Lane, Palmgrove Estate, Veyangoda <i class=\"la la-map-marker\"></i> <br/>\n                                        <br/>\n                                        facebook.com/lakmalsamarakkody <i class=\"la la-facebook\"></i> <br/>\n                                        linkedin.com/in/lakmalsamarakkody <i class=\"la la-linkedin\"></i> <br/>\n                                        gitlab.com/lakmalsamarakkody <i class=\"la la-github\"></i> <br/>\n                                        lakmal.samarakkody <i class=\"la la-skype\"></i> <br/>\n                                    </div>\n                                </div>\n                            </div>\n\n                        </div>\n                    </div>\n                </div>\n                {{!-- END : HEADER --}}\n\n                <hr class=\"header-devider theme-text-color\" width=\"100%\"/>\n\n                {{!-- START : DETAILS --}}\n                <div class=\"col-12 details mx-2 mt-2 mb-4\">\n                    <div class=\"row\">\n\n                        {{!-- START : LEFT SIDE --}}\n                        <div class=\"col-4 left-side\">\n\n                            {{!-- START : SKILLS --}}\n                            <div class=\"skills\">\n                            <h5 class=\"theme-text-color\">SKILLS</h5>\n                                <i class=\"la la-check\"></i> Good communication<br/>\n                                <i class=\"la la-check\"></i> Conceptual designing skills<br/>\n                                <i class=\"la la-check\"></i> Interpersonal skills<br/>\n                                <i class=\"la la-check\"></i> Flexible and adoptable<br/>\n                            </div>\n                            {{!-- END : SKILLS --}}\n\n                            {{!-- START : SOFTWARE SKILLS --}}\n                            <div class=\"swskills mt-5\">\n                            <h5 class=\"theme-text-color\">SOFTWARE SKILLS</h5>\n                                <table width=\"100%\"><tbody>\n                                    <tr><td>VS Code / Netbeans</td><td><i class=\"la la-square\"></i><i class=\"la la-square\"></i><i class=\"la la-square\"></i><i class=\"la la-square\"></i><i class=\"la la-square\"></i><i class=\"la la-stop\"></i></td></tr>\n                                    <tr><td>Visual Studio</td><td><i class=\"la la-square\"></i><i class=\"la la-square\"></i><i class=\"la la-square\"></i><i class=\"la la-square\"></i><i class=\"la la-stop\"></i><i class=\"la la-stop\"></i></td></tr>\n                                    <tr><td>Php Storm</td><td><i class=\"la la-square\"></i><i class=\"la la-square\"></i><i class=\"la la-square\"></i><i class=\"la la-square\"></i><i class=\"la la-stop\"></i><i class=\"la la-stop\"></i></td></tr>\n                                    <tr><td>Data Grip / PhpMyadmin</td><td><i class=\"la la-square\"></i><i class=\"la la-square\"></i><i class=\"la la-square\"></i><i class=\"la la-square\"></i><i class=\"la la-square\"></i><i class=\"la la-stop\"></i></td></tr>\n                                    <tr><td>Adobe Photoshop</td><td><i class=\"la la-square\"></i><i class=\"la la-square\"></i><i class=\"la la-square\"></i><i class=\"la la-square\"></i><i class=\"la la-square\"></i><i class=\"la la-stop\"></i></td></tr>\n                                    <tr><td>Microsoft office</td><td><i class=\"la la-square\"></i><i class=\"la la-square\"></i><i class=\"la la-square\"></i><i class=\"la la-square\"></i><i class=\"la la-square\"></i><i class=\"la la-stop\"></i></td></tr>\n                                    <tr><td>Adobe illustrator</td><td><i class=\"la la-square\"></i><i class=\"la la-square\"></i><i class=\"la la-square\"></i><i class=\"la la-square\"></i><i class=\"la la-stop\"></i><i class=\"la la-stop\"></i></td></tr>\n                                    <tr><td>Adobe premier pro</td><td><i class=\"la la-square\"></i><i class=\"la la-square\"></i><i class=\"la la-square\"></i><i class=\"la la-square\"></i><i class=\"la la-stop\"></i><i class=\"la la-stop\"></i></td></tr>\n                                </tbody></table>\n                            </div>\n                            {{!-- END : SOFTWARE SKILLS --}}\n\n                            {{!-- START : LANGUAGES --}}\n                            <div class=\"languages mt-5\">\n                            <h5 class=\"theme-text-color\">LANGUAGES</h5>\n                                <table width=\"100%\"><tbody>\n                                    <tr><td>Sinhala</td><td><i class=\"la la-square\"></i><i class=\"la la-square\"></i><i class=\"la la-square\"></i><i class=\"la la-square\"></i><i class=\"la la-square\"></i><i class=\"la la-square\"></i></td></tr>\n                                    <tr><td>English</td><td><i class=\"la la-square\"></i><i class=\"la la-square\"></i><i class=\"la la-square\"></i><i class=\"la la-square\"></i><i class=\"la la-stop\"></i><i class=\"la la-stop\"></i></td></tr>\n                                </tbody></table>\n                            </div>\n                            {{!-- END : LANGUAGES --}}\n\n                            {{!-- START : LANGUAGES --}}\n                            <div class=\"programminglanguages mt-5\">\n                            <h5 class=\"theme-text-color\">PROGRAMMING LANGUAGES</h5>\n                                <table width=\"100%\"><tbody>\n                                    <tr><td>HTML</td><td><i class=\"la la-square\"></i><i class=\"la la-square\"></i><i class=\"la la-square\"></i><i class=\"la la-square\"></i><i class=\"la la-square\"></i><i class=\"la la-stop\"></i></td></tr>\n                                    <tr><td>PHP</td><td><i class=\"la la-square\"></i><i class=\"la la-square\"></i><i class=\"la la-square\"></i><i class=\"la la-square\"></i><i class=\"la la-stop\"></i><i class=\"la la-stop\"></i></td></tr>\n                                    <tr><td>CSS / Bootstrap</td><td><i class=\"la la-square\"></i><i class=\"la la-square\"></i><i class=\"la la-square\"></i><i class=\"la la-square\"></i><i class=\"la la-square\"></i><i class=\"la la-stop\"></i></td></tr>\n                                    <tr><td>JS / Jquery</td><td><i class=\"la la-square\"></i><i class=\"la la-square\"></i><i class=\"la la-square\"></i><i class=\"la la-square\"></i><i class=\"la la-stop\"></i><i class=\"la la-stop\"></i></td></tr>\n                                    <tr><td>Ajax</td><td><i class=\"la la-square\"></i><i class=\"la la-square\"></i><i class=\"la la-square\"></i><i class=\"la la-square\"></i><i class=\"la la-stop\"></i><i class=\"la la-stop\"></i></td></tr>\n                                    <tr><td>Mysql</td><td><i class=\"la la-square\"></i><i class=\"la la-square\"></i><i class=\"la la-square\"></i><i class=\"la la-square\"></i><i class=\"la la-square\"></i><i class=\"la la-stop\"></i></td></tr>\n                                </tbody></table>\n                            </div>\n                            {{!-- END : LANGUAGES --}}\n\n                            {{!-- START : PERSONALITY --}}\n                            <div class=\"personality mt-5\">\n                            <h5 class=\"theme-text-color\">PERSONALITY</h5>\n                                <i class=\"la la-check\"></i> Communicative <br/>\n                                <i class=\"la la-check\"></i> Punctuality <br/>\n                                <i class=\"la la-check\"></i> Creativity <br/>\n                                <i class=\"la la-check\"></i> Adaptability <br/>\n                                <i class=\"la la-check\"></i> Flexibility <br/>\n                                <i class=\"la la-check\"></i> Teamwork <br/>\n                            </div>\n                            {{!-- END : PERSONALITY --}}\n\n                            <br/>\n\n                            {{!-- START : INTERESTS --}}\n                            <div class=\"interests mt-5\">\n                            <h5 class=\"theme-text-color\">INTERESTS</h5>\n                                <table width=\"100%\"><tbody>\n                                    <tr><td><b><i class=\"la la-code mt-2\" style=\"font-size:32px; font-weight:900;\"></i></b></td><td> Mostly Coding </td></tr>\n                                    <tr><td><img class=\"img-fluid mt-2\" width=\"30px\" height=\"30px\" src=\"{#asset music.jpg @encoding=dataURI}\"></td><td> Listenng to Music </td></tr>\n                                    <tr><td><img class=\"img-fluid mt-2\" width=\"40px\" height=\"40px\" src=\"{#asset games.png @encoding=dataURI}\"></td><td> Playing Cyber games </td></tr>\n                                    <tr><td><img class=\"img-fluid mt-2\" width=\"40px\" height=\"40px\" src=\"{#asset movie.png @encoding=dataURI}\"></td><td> Watching Movies </td></tr>\n                                </tbody></table>\n                            </div>\n                            {{!-- END : INTERESTS --}}\n\n                        </div>\n                        {{!-- END : LEFT SIDE --}}\n\n                        {{!-- START : RIGHT SIDE --}}\n                        <div class=\"col-8 right-side\">\n\n                            {{!-- START : EDUCATION --}}\n                            <h5 class=\"theme-text-color\">EDUCATION</h5>\n                                {{!-- START : BIT --}}\n                                <p>\n                                <span class=\"title\"><b>Bachelor in Information Technology</b></span><br/>\n                                <span class=\"sub-title\">University of Colombo School of Computing</span> <br/>\n                                Final year undergrduate (2015-Present)\n                                </p>\n\n                                {{!-- START : DIPLOMA --}}\n                                <p>\n                                <span class=\"title\"><b>Diplomas in Software / Web / Networking / Multimedia</b></span><br/>\n                                <span class=\"sub-title\">Esoft Metro Campus Colomo</span> <br/>\n                                pending results (2018-2020)\n                                </p>\n                                {{!-- END : DIPLOMA --}}\n\n                                {{!-- START : AL --}}\n                                <p>\n                                <span class=\"title\"><b>G C E Advanced Level - 2014</b></span><br/>\n                                <span class=\"sub-title\">Bandaranayake College Gampaha</span> <br/>\n                                <table border=\"0\" width=\"100%\">\n                                    <tbody>\n                                        <tr>\n                                            <td>Information Technology - C</td>\n                                            <td>Combined Mathematics - F</td>\n                                        </tr>\n                                        <tr>\n                                            <td>Physics - S</td>\n                                            <td>English Language - B</td>\n                                        </tr>\n                                    </tbody>\n                                </table>\n                                </p>\n\n                                {{!-- END : AL --}}\n\n                                {{!-- START : OL --}}\n                                <p>\n                                <span class=\"title\"><b>G C E Ordinary Level - 2011</b></span><br/>\n                                <span class=\"sub-title\">Bandaranayake College Gampaha</span> <br/>\n                                <table border=\"0\" width=\"100%\">\n                                    <tbody>\n                                        <tr>\n                                            <td>Mathematics - A</td>\n                                            <td>Business studies - A</td>\n                                            <td>Sinhala - A</td>\n                                        </tr>\n                                        <tr>\n                                            <td>English - A</td>\n                                            <td>Science - C</td>\n                                            <td>Biddhism - A</td>\n                                        </tr>\n                                        <tr>\n                                            <td>ICT - A</td>\n                                            <td>English literature - C</td>\n                                            <td>History - C</td>\n                                        </tr>\n                                    </tbody>\n                                </table>\n                                </p>\n                                {{!-- END : OL --}}\n                            {{!-- END : EDUCATION --}}\n\n                            {{!-- START : PROJECTS --}}\n                            <h5 class=\"theme-text-color mt-5\">PERSONAL PROJECTS</h5>\n                                {{!-- START : SCHMS WEB --}}\n                                <p>\n                                <span class=\"title\"><b>Online School Management System</b></span><br/>\n                                <span class=\"sub-title\">PHP, JQUERY, JS, AJAX, HTML, CSS, Mysql</span> <br/>\n                                <span>Online web-based system for digitalization of most amount of functions in an ordinary government school </span><br/>\n                                <span><i>March 2019 to September 2019</i></span>\n                                </p>\n                                {{!-- END : SCHMS WEB --}}\n\n                                {{!-- START : SCHMS APP --}}\n                                <p>\n                                <span class=\"title\"><b>SCHMS Mobile App</b></span><br/>\n                                <span class=\"sub-title\">Android Java</span> <br/>\n                                <span>Integrated app to use with Online School management System to mark attendance and view details by scanning QR code.</span><br/>\n                                <span><i>September 2019 to November 2019</i></span>\n                                </p>\n                                {{!-- END : SCHMS APP --}}\n\n                                {{!-- START : CRGU --}}\n                                <p>\n                                <span class=\"title\"><b>Ceylon Railway Guards Union Website</b></span><br/>\n                                <span class=\"sub-title\">PHP, HTML, CSS, JAVASCRIPT</span> <br/>\n                                <span>Official website for Ceylon Railway guards Union of Sri Lanka Railway.</span><br/>\n                                <span><i>May 2018 to June 2018</i></span>\n                                </p>\n                                {{!-- END : CRGU --}}\n                            {{!-- END : PROJECTS --}}\n\n                            <br/></br/></br/>\n\n                            {{!-- START : ACHIEVEMENTS --}}\n                            <h5 class=\"theme-text-color mt-5\">ACHIEVEMENTS</h5>\n                            <ul>\n                                <li>Participated in Inter-university hackathon \"iHack v2 - 2016\" organized by ISACA in University of Colombo School of Computing.</li>\n                                <li>Participated in \"Youth speak forum - 2020\" organized by AIESEC in University of Sri Jayewardenepura.</li>\n                                <li>Participated in \"Google I/O Extended - 2019\" organized by GDG. (Google developer group of Sri Lanka)</li>\n                                <li>All Island 1<sup>st</sup> place in Kata event at 6th Annual Shotokan Karate-Do Championship in 2003.</li>\n                                <li>All Island 2<sup>nd</sup> place in Kumite event at 6th Annual Shotokan Karate-Do Championship in 2003.</li>\n                                <li>2<sup>nd</sup> place in Gampaha division school senior english drama competition. (2013)</li>\n                                <li>Credit pass in Dharma School grade 10 exam in 2010.</li>\n                                <li>3<sup>rd</sup> place in 1500m running event on inter-house school sport meet in 2011</li>\n                            </ul>\n                            {{!-- END : ACHIEVEMENTS --}}\n\n                            {{!-- START : EXTRA CURRICULAR ACTIVITIES --}}\n                            <h5 class=\"theme-text-color mt-5\">EXTRA CURRICULAR ACTIVITIES</h5>\n                            <ul>\n                                <li>A member of school Board of Prefects. (2010-2014)</li>\n                                <li>A member of Dharma school Board of Prefects. (2011)</li>\n                                <li>A member of school Western Cadet Band. (2008-2014)</li>\n                                <li>Former President of school ICT Society. (2013)</li>\n                                <li>A member of school Science Society. (2012-2014)</li>\n                                <li>Karate brown belt holder. (2<sup>nd</sup> KYU)</li>\n                                <li>A member of school English Drama Society. (2010-2014)</li>\n                            </ul>\n                            {{!-- END : EXTRA CURRICULAR ACTIVITIES --}}\n\n                        </div>\n                        {{!-- END : RIGHT SIDE --}}\n\n                    </div>\n                </div>\n                {{!-- END : DETAILS --}}\n\n                {{!-- START : FOOTER --}}\n                <div class=\"mx-2\">\n                    <div class=\"col-12 footer\">\n                        <div class=\"row\">\n\n                            {{!-- START : NON RELATED REFERENCES --}}\n                            {{!-- <div class=\"col-12 mb-4\">\n                                <div class=\"row\">\n                                    <div class=\"col-12\">\n                                    <h5 class=\"theme-text-color\">NON RELATED REFERENCES</h5>\n                                    </div>\n                                    <div class=\"col-6\">\n                                        Hi\n                                    </div>\n                                    <div class=\"col-6\">\n                                        Hi\n                                    </div>\n                                </div>\n                            </div> --}}\n                            {{!-- END : NON RELATED REFERENCES --}}\n\n                            {{!-- START : DECLARATION --}}\n                            <div class=\"col-12 mb-3\">\n                                <h5 class=\"theme-text-color\">DECLARATION</h5>\n                                To the best of my knowledge and belief, this curriculum vitae correctly describes me and my qualifications and I understand that any wilful misstatement described here in may lead to my disqualification or dismissal, if engaged.\n                            </div>\n                            {{!-- END : DECLARATION --}}\n\n                            {{!-- START : DATE & SIGN --}}\n                            <div class=\"col-6 text-center\">\n                                25.02.2020 <br/> ------------------------------- <br/> Date\n                            </div>\n                            <div class=\"col-6 text-center\">\n                                &nbsp; <br/> -------------------------------------- <br/> Signature\n                            </div>\n                            {{!-- END : DATE & SIGN --}}\n\n                        </div>\n                    </div>\n                </div>\n                {{!-- END : FOOTER --}}\n\n            </div>\n        </div>\n    </body>\n</html>"}