{"name":"ONE_STUDENT","recipe":"chrome-pdf","engine":"handlebars","chrome":{"printBackground":true,"mediaType":"screen","landscape":false,"format":"A4"},"creationDate":"2019-12-01T19:40:26.932Z","modificationDate":"2019-12-01T19:49:25.566Z","content":"<html>\n    <head>\n        <style>\n            {#asset bootstrap.min.css @encoding=utf8}\n\n            .header{\n                background : #727cf5;\n                color: #FFF;\n            }\n\n            .reference{\n                font-size : 12px;\n            }\n        </style>\n    </head>\n\n    <body>\n        <div class=\"container-fluid\">\n            <div class=\"row\">\n                \n                {{!-- START : HEADER --}}\n                <div class=\"col-12 header pt-3 pb-2\">\n                    <div class=\"row\">\n                        \n                        <div class=\"col text-center\">\n                            <h5>WP / NG DAVID DE SILVA COLLEGE</h5>\n                            <h6>Minuwangoda - Negombo</h6>\n                            Tel : 011 22 53 650 &nbsp; Email : wpngdavidsilvacollege@gmail.com\n                        </div>\n\n                    </div>\n                </div>\n                {{!-- END : HEADER --}}\n\n                 {{!-- START : TITLE --}}\n                <div class=\"col-12 pt-3 pb-2\">\n                    <div class=\"row\">\n\n                        <div class=\"col-12 text-center\"><b>STUDENT PROFILE REPORT</b></div>\n                        \n                       <div class=\"col\">\n                            Class : {{ report.class.name }}<br/>\n                            Index No : {{ student.index }}<br/>\n                            Name : {{ student.name }}<br/>                            \n                        </div>\n\n                        <div class=\"col text-right ml-auto\">\n                            Generated On : {{ report.generated_on }} <br/>\n                            Generated By : {{ report.generated_by }} .................................<br/>\n                        </div>\n\n                    </div>\n                </div>\n                {{!-- END : TITLE --}}\n\n                {{!-- START : BODY --}}\n                <div class=\"container mt-3\">\n\n                    <table class=\"table\">\n                        <tbody>\n                            <tr>\n                                <th scope=\"col\" width=\"20%\"> ADMISSION DATE</th>\n                                <th scope=\"col\" width=\"5%\"> : </th>\n                                <td scope=\"row\">{{ student.admission_date }}</td>\n                            </tr>\n                            <tr>\n                                <th scope=\"col\" width=\"20%\"> ADMISSION NO</th>\n                                <th scope=\"col\" width=\"5%\"> : </th>\n                                <td scope=\"row\">{{ student.admission }}</td>\n                            </tr>\n                            <tr>\n                                <th scope=\"col\" width=\"20%\"> INDEX NO</th>\n                                <th scope=\"col\" width=\"5%\"> : </th>\n                                <td scope=\"row\">{{ student.index }}</td>\n                            </tr>\n\n                            <tr>\n                                <th scope=\"col\">FULL NAME</th>\n                                <th scope=\"col\" width=\"5%\"> : </th>\n                                <td scope=\"row\">{{ student.fullname }}</td>\n                            </tr>\n\n                            <tr>\n                                <th scope=\"col\">DATE OF BIRTH</th>\n                                <th scope=\"col\" width=\"5%\"> : </th>\n                                <td scope=\"row\">{{ student.dob }}</td>\n                            </tr>\n\n                            <tr>\n                                <th scope=\"col\">GENDER</th>\n                                <th scope=\"col\" width=\"5%\"> : </th>\n                                <td scope=\"row\">{{ student.gender }}</td>\n                            </tr>\n\n                            <tr>\n                                <th scope=\"col\">EMAIL</th>\n                                <th scope=\"col\" width=\"5%\"> : </th>\n                                <td scope=\"row\">{{ student.email }}</td>\n                            </tr>\n\n                            <tr>\n                                <th scope=\"col\">MOBILE</th>\n                                <th scope=\"col\" width=\"5%\"> : </th>\n                                <td scope=\"row\">{{ student.mobile }}</td>\n                            </tr>\n\n                            <tr>\n                                <th scope=\"col\">BIRTH PLACE</th>\n                                <th scope=\"col\" width=\"5%\"> : </th>\n                                <td scope=\"row\">{{ student.birth_place }}</td>\n                            </tr>\n\n                            <tr>\n                                <th scope=\"col\">RELIGION</th>\n                                <th scope=\"col\" width=\"5%\"> : </th>\n                                <td scope=\"row\">{{ student.religion }}</td>\n                            </tr>\n\n                            <tr>\n                                <th scope=\"col\">ADDRESS</th>\n                                <th scope=\"col\" width=\"5%\"> : </th>\n                                <td scope=\"row\">{{ student.address }}</td>\n                            </tr>\n\n                            <tr>\n                                <th scope=\"col\">CITY</th>\n                                <th scope=\"col\" width=\"5%\"> : </th>\n                                <td scope=\"row\">{{ student.city }}</td>\n                            </tr>\n\n                            <tr>\n                                <th scope=\"col\">DISTRICT</th>\n                                <th scope=\"col\" width=\"5%\"> : </th>\n                                <td scope=\"row\">{{ student.district }}</td>\n                            </tr>\n                        </tbody>\n                    </table>\n                </div>\n                {{!-- END : BODY --}}              \n\n            </div>\n        </div>\n    </body>\n</html>","folder":{"shortid":"Z3VhzDC"},"_id":"chlmKMDGBU0XTAS4","shortid":"aytF5sc"}