{"phantom":{"waitForJS":true},"recipe":"chrome-pdf","engine":"handlebars","scripts":[{"shortid":"BJX1Jw82ce"}],"shortid":"HJH11D83ce","name":"orders-main","folder":{"shortid":"erkLzi"},"chrome":{"printBackground":true,"marginTop":"4cm","marginRight":"1.5cm","marginBottom":"1.5cm","marginLeft":"1.5cm","waitForJS":false,"headerTemplate":"","footerTemplate":""},"pdfOperations":[{"type":"merge","templateShortid":"SJVbqZr9f","renderForEveryPage":true}],"creationDate":"2019-11-26T18:05:38.457Z","modificationDate":"2019-11-26T18:05:38.457Z","_id":"HE0AKhmS4vhkhJ1L","content":"<!--\nMore complex example demonstrating advanced features like\n- using custom server script to fetch remote data\n- using custom modules in safe sandbox\n- painting a chart\n- using global helpers\n- merging custom dynamic header for each individual page\n\nNote: This example requires jsreport to be configured with\n{ \"allowLocalFilesAccess\": true } or\n{ \"extensions\": { \"scripts\": { \"allowedModules\": [\"https\"] } } }\n!-->\n<html>\n  <head>\n    <meta content=\"text/html; charset=utf-8\" http-equiv=\"Content-Type\">\n    <link rel=\"stylesheet\" href=\"https://cdnjs.cloudflare.com/ajax/libs/metro/4.1.5/css/metro.min.css\">\n    <script src='https://cdnjs.cloudflare.com/ajax/libs/Chart.js/2.7.2/Chart.min.js'></script>\n  </head>\n  <body>\n    {{#each orders}}\n        <!-- add hiden information to the page which is resolved in OrdersHeader template\n             during the pdf merge. See the docs about pdf utils extension for more details. -->\n        {{{pdfCreatePagesGroup country}}}\n        <canvas id='orders{{country}}' style=\"margin-bottom:30px\"></canvas>\n        <table class='table striped'>\n            <thead>\n                <tr>\n                    <th>OrderID</th>\n                    <th>ShipAddress</th>\n                    <th>ShipCity</th>\n                    <th>ShipCountry</th>\n                </tr>\n            </thead>\n            <tbody>\n                {{#each rows}}\n                <tr>\n                    <td>{{OrderID}}</td>\n                    <td>{{ShipAddress}}</td>\n                    <td>{{ShipCity}}</td>\n                    <td>{{ShipCountry}}</td>\n                </tr>\n                {{/each}}\n            </tbody>\n        </table>\n\n        <script>\n            // convert data into js string using function from asset global helpers.js\n            // this results into something like var data = { \"a\": \"foo\" }\n            // which gets afterwards interpreted in chrome into object\n            var data = {{{toJSON accumulated}}}\n\n            Chart.defaults.global.legend.display = false;\n\n            new Chart(orders{{country}}.getContext(\"2d\"), {\n                type: 'bar',\n                data: {\n                    labels: Object.keys(data),\n                    datasets: [{\n                        fillColor: 'blue',\n                        label: \"Orders in time\",\n                        backgroundColor: \"rgba(27,161,226,0.2)\",\n                        borderColor: \"rgba(27,161,226,1)\",\n                        borderWidth: 1,\n                        hoverBackgroundColor: \"rgba(27,161,226,0.4)\",\n                        hoverBorderColor: \"rgba(27,161,226,1)\",\n                        data: Object.keys(data).map(function (o) {\n                            return data[o].value;\n                        })\n                    }]\n                },\n                options: {\n                    animation: {\n                        duration: 0\n                    }\n                }\n            });\n        </script>\n        <div style='page-break-after: always;'>\n        </div>\n    {{/each}}\n  </body>\n</html>\n","helpers":""}