{"shortid":"SJVbqZr9f","name":"orders-header","recipe":"chrome-pdf","engine":"handlebars","content":"<!-- \n    Template representing pdf header for Orders template.\n    See the docs about pdf utils extension for more details.\n!-->\n<html>\n<head>\n    <meta content=\"text/html; charset=utf-8\" http-equiv=\"Content-Type\">\n    <link rel=\"stylesheet\" href=\"https://cdnjs.cloudflare.com/ajax/libs/metro/4.1.5/css/metro.min.css\">\n</head>\n<body>\n    {{#with (lookup $pdf.pages $pdf.pageIndex)}}\n    <h1>{{group}}</h1>\n    {{/with}}\n</body>\n</html>","folder":{"shortid":"erkLzi"},"chrome":{"printBackground":true,"marginTop":"1.5cm","marginRight":"1.5cm","marginLeft":"1.cm","headerTemplate":"","footerTemplate":""},"helpers":"","creationDate":"2019-11-26T18:05:38.440Z","modificationDate":"2019-11-26T18:05:38.440Z","_id":"XsIuIvQASRqxcFl4"}