{"folder":{"shortid":"FnHe~Wz"},"shortid":"B1Q2SFTNr","name":"sales-main","recipe":"html-to-xlsx","engine":"handlebars","chrome":{"printBackground":true},"htmlToXlsx":{"htmlEngine":"chrome"},"data":{"shortid":"B1lSTrt6NB"},"content":"<html>\n    <head>\n        <style>\n            {#asset sales-styles.css @encoding=utf8}\n        </style>\n    </head>\n    <body>\n        <table name=\"Sales-Detail\">\n            <tbody class=\"head\">\n                <tr>\n                    <td></td>\n                    <td colspan=\"5\" class=\"title\">SALES DETAIL</td>\n                    <td></td>\n                </tr>\n                <tr>\n                    {{generateEmptyCell 7}}\n                </tr>\n                <tr>\n                    {{generateEmptyCell 1}}\n                    <td class=\"label content border-top border-left\">Customer</td>\n                    <td class=\"content border-top\">{{customer}}</td>\n                    {{generateEmptyCell 1 \"content border-top\"}}\n                    <td class=\"label content border-top\">Report Date</td>\n                    <td class=\"content border-top border-right t-right\" data-cell-type=\"date\" data-cell-format-str=\"dd-mm-yyyy\">{{nowStr}}</td>\n                    {{generateEmptyCell 1}}\n                </tr>\n                <tr>\n                    {{generateEmptyCell 1}}\n                    <td class=\"label content border-bottom border-left\">Month</td>\n                    <td class=\"content border-bottom\">{{month}}</td>\n                    {{generateEmptyCell 1 \"content border-bottom\"}}\n                    <td class=\"label content border-bottom\">Tax</td>\n                    <!-- enum = \"9\" percentage -->\n                    <td class=\"content border-bottom border-right t-right\" data-cell-type=\"number\" data-cell-format-enum=\"9\">{{taxPercentage}}</td>\n                    {{generateEmptyCell 1}}\n                </tr>\n                <tr>\n                    {{generateEmptyCell 7}}\n                </tr>\n            </tbody>\n            <tbody class=\"detail\">\n                <tr>\n                    <th class=\"t-center\">Date</th>\n                    <th class=\"t-left\">Product</th>\n                    <th class=\"t-left\">Category</th>\n                    <th class=\"t-right\">Unit Price</th>\n                    <th class=\"t-right\">Quantity</th>\n                    <th class=\"t-right\">Discount</th>\n                    <th class=\"t-right\">Amount</th>\n                </tr>\n                {{#each detail}}\n                    <tr class=\"{{oddClassName @index}}\">\n                        <td class=\"t-center\" data-cell-type=\"date\" data-cell-format-str=\"dd-mm-yyyy\">{{date}}</td>\n                        <td>{{product}}</td>\n                        <td>{{category}}</td>\n                        <td class=\"t-right\" data-cell-type=\"number\">{{unitPrice}}</td>\n                        <td class=\"t-right\" data-cell-type=\"number\">{{quantity}}</td>\n                        <td class=\"t-right\" data-cell-type=\"number\" data-cell-format-enum=\"9\">{{discountPercentage}}</td>\n                        <td class=\"t-right\" data-cell-type=\"formula\">=(D{{getDetailRowIndex @index}}*E{{getDetailRowIndex @index}}) - (D{{getDetailRowIndex @index}}*E{{getDetailRowIndex @index}}*F{{getDetailRowIndex @index}})</td>\n                    </tr>\n                {{/each}}\n                <tr>\n                    {{generateEmptyCell 5}}\n                    <td class=\"label\">Total Net Amount $</td>\n                    <td class=\"t-right\" data-cell-type=\"formula\">=SUM(G{{getDetailRowIndex 0}}:G{{getDetailRowIndex (sum detail.length -1)}})</td>\n                </tr>\n                <tr>\n                    {{generateEmptyCell 5}}\n                    <td class=\"label\" data-cell-type=\"formula\" data-cell-format-enum=\"2\">=CONCATENATE(\"VAT (\", F4*100, \"%)\", \" $\")</td>\n                    <td class=\"t-right\" data-cell-type=\"formula\" data-cell-format-enum=\"2\">=G{{getDetailRowIndex detail.length}}*F4</td>\n                </tr>\n                <tr>\n                    {{generateEmptyCell 5}}\n                    <td class=\"label\">Total $</td>\n                    <td class=\"t-right\" data-cell-type=\"formula\" data-cell-format-enum=\"2\">=SUM(G{{getDetailRowIndex detail.length}}:GG{{getDetailRowIndex (sum detail.length 1)}})</td>\n                </tr>\n            </tbody>\n        </table>\n    </body>\n</html>","helpers":"const moment = require('moment')\nconst rowOffset = 6\n\nfunction nowStr () {\n    return moment().format('YYYY-MM-DD')\n}\n\nfunction generateEmptyCell (repeat, className) {\n    const cells = []\n\n    for (let i = 0; i < repeat; i++) {\n        cells.push(`<td class=\"empty-cell ${className || ''}\"></td>`)\n    }\n\n    return new Handlebars.SafeString(cells.join(''))\n}\n\nfunction oddClassName (index) {\n    return (index + 1) % 2 !== 0 ? 'odd' : ''\n}\n\nfunction sum (a, b) {\n    return a + b\n}\n\nfunction getDetailRowIndex (index) {\n    return (index + 1) + rowOffset\n}","creationDate":"2019-11-26T18:05:38.416Z","modificationDate":"2019-11-26T18:05:38.416Z","_id":"NYqxjKMEXjBG24qn"}