{"name":"STAFF_TIMETABLE","recipe":"chrome-pdf","shortid":"BklvxHe6hS","folder":{"shortid":"qNT0xDP"},"engine":"handlebars","chrome":{"printBackground":true,"mediaType":"screen","landscape":true,"format":"A4"},"creationDate":"2019-11-28T07:19:14.192Z","modificationDate":"2019-12-01T20:15:34.260Z","_id":"FLkjJlPESp3gZs1b","content":"<html>\n    <head>\n        <style>\n            {#asset bootstrap.min.css @encoding=utf8}\n\n            .header{\n                background : #727cf5;\n                color: #FFF;\n            }\n        </style>\n    </head>\n\n    <body>\n        <div class=\"container-fluid\">\n            <div class=\"row\">\n                \n                {{!-- START : HEADER --}}\n                <div class=\"col-12 header pt-3 pb-2\">\n                    <div class=\"row\">\n                        \n                        <div class=\"col text-center\">\n                            <h5>WP / NG DAVID DE SILVA COLLEGE</h5>\n                            <h6>Minuwangoda - Negombo</h6>\n                            Tel : 011 22 53 650 &nbsp; Email : wpngdavidsilvacollege@gmail.com\n                        </div>\n\n                    </div>\n                </div>\n                {{!-- END : HEADER --}}\n\n                 {{!-- START : TITLE --}}\n                <div class=\"col-12 pt-3 pb-2\">\n                    <div class=\"row\">\n\n                        <div class=\"col-12 text-center\"><b>STAFF TIME TABLE REPORT</b></div>\n                        \n                       <div class=\"col\">\n                            ID : {{ timetable.employee_number }}<br/>\n                            Name : {{ timetable.name }}<br/>\n                        </div>\n\n                        <div class=\"col text-right ml-auto\">\n                            Generated On : {{ timetable.generated_on }} <br/>\n                            Generated By : {{ timetable.generated_by }} .................................<br/>\n                        </div>\n\n                    </div>\n                </div>\n                {{!-- END : TITLE --}}\n\n                {{!-- START : BODY --}}\n                <div class=\"col-12 mt-3\">\n\n                    <table class=\"table table-bordered\">\n\n                        <thead class=\"thead-dark\">\n                            <tr>\n                                <th class=\"text-center\" width=\"5%\" scope=\"col\">PERIOD</th>\n                                <th class=\"text-center\" scope=\"col\">MONDAY</th>\n                                <th class=\"text-center\" scope=\"col\">TUESDAY</th>\n                                <th class=\"text-center\" scope=\"col\">WEDNESDAY</th>\n                                <th class=\"text-center\" scope=\"col\">THURSDAY</th>\n                                <th class=\"text-center\" scope=\"col\">FRIDAY</th>\n                            </tr>\n                        </thead>\n\n                        <tbody>\n                            <tr>\n                                <th width=\"1%\" class=\"text-center\" scope=\"row\">1</th>\n                                <td width=\"20%\" class=\"text-center\"><h6><b>{{ timetable.schedule.mon.1.subject }}</b></h6>{{ timetable.schedule.mon.1.class }}</td>\n                                <td width=\"20%\" class=\"text-center\"><h6><b>{{ timetable.schedule.tue.1.subject }}</b></h6>{{ timetable.schedule.tue.1.class }}</td>\n                                <td width=\"20%\" class=\"text-center\"><h6><b>{{ timetable.schedule.wed.1.subject }}</b></h6>{{ timetable.schedule.wed.1.class }}</td>\n                                <td width=\"20%\" class=\"text-center\"><h6><b>{{ timetable.schedule.thu.1.subject }}</b></h6>{{ timetable.schedule.thu.1.class }}</td>\n                                <td width=\"20%\" class=\"text-center\"><h6><b>{{ timetable.schedule.fri.1.subject }}</b></h6>{{ timetable.schedule.fri.1.class }}</td>\n                            </tr>\n                            <tr>\n                                <th width=\"1%\" class=\"text-center\" scope=\"row\">2</th>\n                                <td width=\"20%\" class=\"text-center\"><h6><b>{{ timetable.schedule.mon.2.subject }}</b></h6>{{ timetable.schedule.mon.2.class }}</td>\n                                <td width=\"20%\" class=\"text-center\"><h6><b>{{ timetable.schedule.tue.2.subject }}</b></h6>{{ timetable.schedule.tue.2.class }}</td>\n                                <td width=\"20%\" class=\"text-center\"><h6><b>{{ timetable.schedule.wed.2.subject }}</b></h6>{{ timetable.schedule.wed.2.class }}</td>\n                                <td width=\"20%\" class=\"text-center\"><h6><b>{{ timetable.schedule.thu.2.subject }}</b></h6>{{ timetable.schedule.thu.2.class }}</td>\n                                <td width=\"20%\" class=\"text-center\"><h6><b>{{ timetable.schedule.fri.2.subject }}</b></h6>{{ timetable.schedule.fri.2.class }}</td>\n                            </tr>\n                            <tr>\n                                <th width=\"1%\" class=\"text-center\" scope=\"row\">3</th>\n                                <td width=\"20%\" class=\"text-center\"><h6><b>{{ timetable.schedule.mon.3.subject }}</b></h6>{{ timetable.schedule.mon.3.class }}</td>\n                                <td width=\"20%\" class=\"text-center\"><h6><b>{{ timetable.schedule.tue.3.subject }}</b></h6>{{ timetable.schedule.tue.3.class }}</td>\n                                <td width=\"20%\" class=\"text-center\"><h6><b>{{ timetable.schedule.wed.3.subject }}</b></h6>{{ timetable.schedule.wed.3.class }}</td>\n                                <td width=\"20%\" class=\"text-center\"><h6><b>{{ timetable.schedule.thu.3.subject }}</b></h6>{{ timetable.schedule.thu.3.class }}</td>\n                                <td width=\"20%\" class=\"text-center\"><h6><b>{{ timetable.schedule.fri.3.subject }}</b></h6>{{ timetable.schedule.fri.3.class }}</td>\n                            </tr>\n                            <tr>\n                                <th width=\"1%\" class=\"text-center\" scope=\"row\">4</th>\n                                <td width=\"20%\" class=\"text-center\"><h6><b>{{ timetable.schedule.mon.4.subject }}</b></h6>{{ timetable.schedule.mon.4.class }}</td>\n                                <td width=\"20%\" class=\"text-center\"><h6><b>{{ timetable.schedule.tue.4.subject }}</b></h6>{{ timetable.schedule.tue.4.class }}</td>\n                                <td width=\"20%\" class=\"text-center\"><h6><b>{{ timetable.schedule.wed.4.subject }}</b></h6>{{ timetable.schedule.wed.4.class }}</td>\n                                <td width=\"20%\" class=\"text-center\"><h6><b>{{ timetable.schedule.thu.4.subject }}</b></h6>{{ timetable.schedule.thu.4.class }}</td>\n                                <td width=\"20%\" class=\"text-center\"><h6><b>{{ timetable.schedule.fri.4.subject }}</b></h6>{{ timetable.schedule.fri.4.class }}</td>\n                            </tr>\n                            <tr>\n                                <th width=\"1%\" class=\"text-center\" scope=\"row\">5</th>\n                                <td width=\"20%\" class=\"text-center\"><h6><b>{{ timetable.schedule.mon.5.subject }}</b></h6>{{ timetable.schedule.mon.5.class }}</td>\n                                <td width=\"20%\" class=\"text-center\"><h6><b>{{ timetable.schedule.tue.5.subject }}</b></h6>{{ timetable.schedule.tue.5.class }}</td>\n                                <td width=\"20%\" class=\"text-center\"><h6><b>{{ timetable.schedule.wed.5.subject }}</b></h6>{{ timetable.schedule.wed.5.class }}</td>\n                                <td width=\"20%\" class=\"text-center\"><h6><b>{{ timetable.schedule.thu.5.subject }}</b></h6>{{ timetable.schedule.thu.5.class }}</td>\n                                <td width=\"20%\" class=\"text-center\"><h6><b>{{ timetable.schedule.fri.5.subject }}</b></h6>{{ timetable.schedule.fri.5.class }}</td>\n                            </tr>\n                            <tr>\n                                <th width=\"1%\" class=\"text-center\" scope=\"row\">6</th>\n                                <td width=\"20%\" class=\"text-center\"><h6><b>{{ timetable.schedule.mon.6.subject }}</b></h6>{{ timetable.schedule.mon.6.class }}</td>\n                                <td width=\"20%\" class=\"text-center\"><h6><b>{{ timetable.schedule.tue.6.subject }}</b></h6>{{ timetable.schedule.tue.6.class }}</td>\n                                <td width=\"20%\" class=\"text-center\"><h6><b>{{ timetable.schedule.wed.6.subject }}</b></h6>{{ timetable.schedule.wed.6.class }}</td>\n                                <td width=\"20%\" class=\"text-center\"><h6><b>{{ timetable.schedule.thu.6.subject }}</b></h6>{{ timetable.schedule.thu.6.class }}</td>\n                                <td width=\"20%\" class=\"text-center\"><h6><b>{{ timetable.schedule.fri.6.subject }}</b></h6>{{ timetable.schedule.fri.6.class }}</td>\n                            </tr>\n                            <tr>\n                                <th width=\"1%\" class=\"text-center\" scope=\"row\">7</th>\n                                <td width=\"20%\" class=\"text-center\"><h6><b>{{ timetable.schedule.mon.7.subject }}</b></h6>{{ timetable.schedule.mon.7.class }}</td>\n                                <td width=\"20%\" class=\"text-center\"><h6><b>{{ timetable.schedule.tue.7.subject }}</b></h6>{{ timetable.schedule.tue.7.class }}</td>\n                                <td width=\"20%\" class=\"text-center\"><h6><b>{{ timetable.schedule.wed.7.subject }}</b></h6>{{ timetable.schedule.wed.7.class }}</td>\n                                <td width=\"20%\" class=\"text-center\"><h6><b>{{ timetable.schedule.thu.7.subject }}</b></h6>{{ timetable.schedule.thu.7.class }}</td>\n                                <td width=\"20%\" class=\"text-center\"><h6><b>{{ timetable.schedule.fri.7.subject }}</b></h6>{{ timetable.schedule.fri.7.class }}</td>\n                            </tr>\n                            <tr>\n                                <th width=\"1%\" class=\"text-center\" scope=\"row\">8</th>\n                                <td width=\"20%\" class=\"text-center\"><h6><b>{{ timetable.schedule.mon.8.subject }}</b></h6>{{ timetable.schedule.mon.8.class }}</td>\n                                <td width=\"20%\" class=\"text-center\"><h6><b>{{ timetable.schedule.tue.8.subject }}</b></h6>{{ timetable.schedule.tue.8.class }}</td>\n                                <td width=\"20%\" class=\"text-center\"><h6><b>{{ timetable.schedule.wed.8.subject }}</b></h6>{{ timetable.schedule.wed.8.class }}</td>\n                                <td width=\"20%\" class=\"text-center\"><h6><b>{{ timetable.schedule.thu.8.subject }}</b></h6>{{ timetable.schedule.thu.8.class }}</td>\n                                <td width=\"20%\" class=\"text-center\"><h6><b>{{ timetable.schedule.fri.8.subject }}</b></h6>{{ timetable.schedule.fri.8.class }}</td>\n                            </tr>\n                        </tbody>\n\n                    </table>\n                </div>\n                {{!-- END : BODY --}}              \n\n            </div>\n        </div>\n    </body>\n</html>"}