{"folder":{"shortid":"uuDukYQ"},"shortid":"HJgnTWFBgU","name":"STUDENT_EXAM","recipe":"chrome-pdf","engine":"handlebars","chrome":{"printBackground":true,"format":"A4","mediaType":"screen"},"creationDate":"2020-01-10T04:51:27.779Z","modificationDate":"2020-01-11T05:58:02.007Z","_id":"JGnexkLQHrKCnZJT","content":"<html>\n    <head>\n        <style>\n            {#asset bootstrap.min.css @encoding=utf8}\n\n            .header{\n                background : #727cf5;\n                color: #FFF;\n            }\n\n            .reference{\n                font-size : 12px;\n            }\n        </style>\n    </head>\n\n    <body>\n        <div class=\"container-fluid\">\n            <div class=\"row\">\n                \n                {{!-- START : HEADER --}}\n                <div class=\"col-12 header pt-3 pb-2\">\n                    <div class=\"row\">\n                        \n                        <div class=\"col text-center\">\n                            <h5>WP / NG DAVID DE SILVA COLLEGE</h5>\n                            <h6>Minuwangoda - Negombo</h6>\n                            Tel : 011 22 53 650 &nbsp; Email : wpngdavidsilvacollege@gmail.com\n                        </div>\n\n                    </div>\n                </div>\n                {{!-- END : HEADER --}}\n\n                 {{!-- START : TITLE --}}\n                <div class=\"col-12 pt-3 pb-2\">\n                    <div class=\"row\">\n\n                        <div class=\"col-12 text-center\"><b>STUDENT EXAM RESULT REPORT</b></div>\n                        \n                       <div class=\"col\">\n                            Name : {{ student_exam_report.student_name }}<br/>\n                            Exam : {{ student_exam_report.exam_name }}<br/>\n                            Grade : {{ student_exam_report.grade }}<br/>                            \n                        </div>\n\n                        <div class=\"col text-right ml-auto\">\n                            Generated On : {{ student_exam_report.generated_on }} <br/>\n                            Generated By : {{ student_exam_report.generated_by }} .................................<br/>\n                            Signed By : ......................................................................\n                        </div>\n\n                    </div>\n                </div>\n                {{!-- END : TITLE --}}\n\n                {{!-- START : BODY --}}\n                <div class=\"container mx-5 my-4 mx-auto\">\n\n                    <table class=\"table\">\n                        <tbody>\n                            <tr>\n                                <th scope=\"col\" width=\"20%\"> SUBJECT</th>\n                                <th scope=\"col\" width=\"10%\"> : </th>\n                                <td scope=\"row\">MARKS</td>\n                            </tr>\n                            {{#each exam.subject}}\n                            <tr>\n                                <td scope=\"col\" width=\"20%\"> {{ name }}</td>\n                                <td scope=\"col\" width=\"10%\"> : </td>\n                                <td scope=\"row\">{{ mark }}</td>\n                            </tr>\n                            {{/each}}\n                        </tbody>\n                    </table>\n                    <div class=\"col-12 row\">\n                        <div class=\"col-8\">\n                            Total Marks : \n                        </div>\n                        <div class=\"col-4\">\n                            {{ exam_total.total.marks }}\n                        </div>\n                        <div class=\"col-8\">\n                            Average : \n                        </div>\n                        <div class=\"col-4\">\n                            {{ exam_average.average.marks }}\n                        </div>\n                    </div>\n                </div>\n                {{!-- END : BODY --}}              \n\n            </div>\n        </div>\n    </body>\n</html>"}