{"shortid":"BJX1Jw82ce","name":"orders-script","folder":{"shortid":"erkLzi"},"creationDate":"2019-11-26T18:05:38.529Z","modificationDate":"2019-11-26T18:05:38.529Z","_id":"dvrBM0hiw14iKtsD","content":"// server side script fetching remote data and preparing report data source\nconst https = require('https');\n\n// call remote http rest api\nfunction fetchOrders() {\n    return new Promise((resolve, reject) => {\n        https.get('https://services.odata.org/V4/Northwind/Northwind.svc/Orders',\n        (result) => {\n            var str = '';\n            result.on('data', (b) => str += b);\n            result.on('error', reject);\n            result.on('end', () => resolve(JSON.parse(str).value));\n        });\n    })\n}\n\n// group the data for report\nasync function prepareDataSource() {\n    const orders = await fetchOrders()\n    const ordersByShipCountry = orders.reduce((a, v) => {\n        a[v.ShipCountry] = a[v.ShipCountry] || []\n        a[v.ShipCountry].push(v)\n        return a\n    }, {})\n\n    return Object.keys(ordersByShipCountry).map((country) => {\n        const ordersInCountry = ordersByShipCountry[country]\n\n        const accumulated = {}\n\n        ordersInCountry.forEach((o) => {\n            o.OrderDate = new Date(o.OrderDate);\n            const key = o.OrderDate.getFullYear() + '/' + (o.OrderDate.getMonth() + 1);\n            accumulated[key] = accumulated[key] || {\n                value: 0,\n                orderDate: o.OrderDate\n            };\n            accumulated[key].value++;\n        });\n\n        return {\n            rows: ordersInCountry,\n            country,\n            accumulated\n        }\n\n    }).slice(0, 2)\n}\n\n// add jsreport hook which modifies the report input data\nasync function beforeRender(req, res) {\n    req.data.orders = await prepareDataSource()\n}"}